year,post_year,mistake_type,mean_score,total
2010-01-01,2010,no_mistake,2.7446300715990453,419
2010-01-01,2010,de_mistake,1.5,419
2010-01-01,2010,dem_mistake,1.5,419
2011-01-01,2011,no_mistake,3.327986294969631,6421
2011-01-01,2011,de_mistake,3.135135135135135,6421
2011-01-01,2011,dem_mistake,2.1470588235294117,6421
2012-01-01,2012,no_mistake,4.473188807019039,23479
2012-01-01,2012,de_mistake,3.764705882352941,23479
2012-01-01,2012,dem_mistake,3.7184466019417477,23479
2013-01-01,2013,no_mistake,4.9889191473377785,63894
2013-01-01,2013,de_mistake,4.34096109839817,63894
2013-01-01,2013,dem_mistake,4.589228295819936,63894
2014-01-01,2014,no_mistake,5.195165641680204,137888
2014-01-01,2014,de_mistake,4.729783037475345,137888
2014-01-01,2014,dem_mistake,4.5196589294173375,137888
2015-01-01,2015,no_mistake,5.476397850781423,163036
2015-01-01,2015,de_mistake,4.838495575221239,163036
2015-01-01,2015,dem_mistake,4.556409360810338,163036
2016-01-01,2016,no_mistake,6.469065329390604,131212
2016-01-01,2016,de_mistake,4.694036300777873,131212
2016-01-01,2016,dem_mistake,6.203332199931996,131212
2017-01-01,2017,no_mistake,8.759871537999725,138251
2017-01-01,2017,de_mistake,7.66928011404134,138251
2017-01-01,2017,dem_mistake,8.064169268123482,138251
2018-01-01,2018,no_mistake,9.352435170591326,127527
2018-01-01,2018,de_mistake,6.577759197324415,127527
2018-01-01,2018,dem_mistake,7.478715728715729,127527
2019-01-01,2019,no_mistake,8.78491231414411,104920
2019-01-01,2019,de_mistake,7.106609808102346,104920
2019-01-01,2019,dem_mistake,7.236722306525038,104920
2020-01-01,2020,no_mistake,8.605091975635432,164337
2020-01-01,2020,de_mistake,8.140720598232495,164337
2020-01-01,2020,dem_mistake,8.21841332027424,164337
2021-01-01,2021,no_mistake,9.710908840566882,203358
2021-01-01,2021,de_mistake,8.094433399602385,203358
2021-01-01,2021,dem_mistake,6.81858083394294,203358
2022-01-01,2022,no_mistake,10.26166401884654,404106
2022-01-01,2022,de_mistake,8.30642822619623,404106
2022-01-01,2022,dem_mistake,6.321349963316214,404106
2023-01-01,2023,no_mistake,10.389476452576409,159699
2023-01-01,2023,de_mistake,9.797445255474452,159699
2023-01-01,2023,dem_mistake,7.83856138453218,159699
